temp,No,Yes
Cool,0.25,0.2857142857142857
Hot,0.5,0.2857142857142857
Mild,0.25,0.42857142857142855
All,0.36363636363636365,0.6363636363636364
