day,No,Yes
D1,0.25,0.0
D10,0.0,0.14285714285714285
D11,0.0,0.14285714285714285
D13,0.0,0.14285714285714285
D14,0.25,0.0
D2,0.25,0.0
D3,0.0,0.14285714285714285
D4,0.0,0.14285714285714285
D5,0.0,0.14285714285714285
D6,0.25,0.0
D7,0.0,0.14285714285714285
All,0.36363636363636365,0.6363636363636364
