wind,No,Yes
Strong,0.75,0.2857142857142857
Weak,0.25,0.7142857142857143
All,0.36363636363636365,0.6363636363636364
