outlook,No,Yes
Overcast,0.0,0.42857142857142855
Rain,0.5,0.42857142857142855
Sunny,0.5,0.14285714285714285
All,0.36363636363636365,0.6363636363636364
