Class,Count,Prior
Yes,7,0.6363636363636364
No,4,0.36363636363636365
