sepal_length,setosa,versicolor,virginica
Long,0.0,0.22,0.62
Medium,0.28,0.7,0.36
Short,0.72,0.08,0.02
All,0.3333333333333333,0.3333333333333333,0.3333333333333333
