petal_width,setosa,versicolor,virginica
Medium,0.0,0.96,0.08
Narrow,1.0,0.0,0.0
Wide,0.0,0.04,0.92
All,0.3333333333333333,0.3333333333333333,0.3333333333333333
