petal_length,setosa,versicolor,virginica
Long,0.0,0.08,0.94
Medium,0.0,0.92,0.06
Short,1.0,0.0,0.0
All,0.3333333333333333,0.3333333333333333,0.3333333333333333
