sepal_width,setosa,versicolor,virginica
Medium,0.36,0.86,0.88
Narrow,0.02,0.12,0.02
Wide,0.62,0.02,0.1
All,0.3333333333333333,0.3333333333333333,0.3333333333333333
