Class,Count,Prior
setosa,50,0.3333333333333333
versicolor,50,0.3333333333333333
virginica,50,0.3333333333333333
