sepal_width,setosa,versicolor,virginica
Medium,0.375,0.85,0.85
Narrow,0.025,0.125,0.025
Wide,0.6,0.025,0.125
All,0.3333333333333333,0.3333333333333333,0.3333333333333333
