petal_width,setosa,versicolor,virginica
Medium,0.0,0.975,0.075
Narrow,1.0,0.0,0.0
Wide,0.0,0.025,0.925
All,0.3333333333333333,0.3333333333333333,0.3333333333333333
