sepal_length,setosa,versicolor,virginica
Long,0.0,0.175,0.6
Medium,0.225,0.775,0.375
Short,0.775,0.05,0.025
All,0.3333333333333333,0.3333333333333333,0.3333333333333333
