petal_length,setosa,versicolor,virginica
Long,0.0,0.075,0.95
Medium,0.0,0.925,0.05
Short,1.0,0.0,0.0
All,0.3333333333333333,0.3333333333333333,0.3333333333333333
