Class,Count,Prior
setosa,40,0.3333333333333333
virginica,40,0.3333333333333333
versicolor,40,0.3333333333333333
