temp,No,Yes
Cool,0.2,0.3333333333333333
Hot,0.4,0.2222222222222222
Mild,0.4,0.4444444444444444
All,0.35714285714285715,0.6428571428571429
