outlook,No,Yes
Overcast,0.0,0.4444444444444444
Rain,0.4,0.3333333333333333
Sunny,0.6,0.2222222222222222
All,0.35714285714285715,0.6428571428571429
