wind,No,Yes
Strong,0.6,0.3333333333333333
Weak,0.4,0.6666666666666666
All,0.35714285714285715,0.6428571428571429
