humidity,No,Yes
High,0.8,0.3333333333333333
Normal,0.2,0.6666666666666666
All,0.35714285714285715,0.6428571428571429
