day,No,Yes
D1,0.2,0.0
D10,0.0,0.1111111111111111
D11,0.0,0.1111111111111111
D12,0.0,0.1111111111111111
D13,0.0,0.1111111111111111
D14,0.2,0.0
D2,0.2,0.0
D3,0.0,0.1111111111111111
D4,0.0,0.1111111111111111
D5,0.0,0.1111111111111111
D6,0.2,0.0
D7,0.0,0.1111111111111111
D8,0.2,0.0
D9,0.0,0.1111111111111111
All,0.35714285714285715,0.6428571428571429
