Class,Count,Prior
Yes,9,0.6428571428571429
No,5,0.35714285714285715
