safety,acc,good,unacc,vgood
high,0.5342019543973942,0.45454545454545453,0.2365702479338843,1.0
low,0.0,0.0,0.48037190082644626,0.0
med,0.46579804560260585,0.5454545454545454,0.2830578512396694,0.0
All,0.22214182344428365,0.03979739507959479,0.7004341534008683,0.03762662807525326
