lug_boot,acc,good,unacc,vgood
big,0.3811074918566775,0.34545454545454546,0.3037190082644628,0.6538461538461539
med,0.3550488599348534,0.36363636363636365,0.32644628099173556,0.34615384615384615
small,0.26384364820846906,0.2909090909090909,0.36983471074380164,0.0
All,0.22214182344428365,0.03979739507959479,0.7004341534008683,0.03762662807525326
