maint,acc,good,unacc,vgood
high,0.28013029315960913,0.0,0.256198347107438,0.17307692307692307
low,0.23127035830618892,0.6545454545454545,0.23553719008264462,0.40384615384615385
med,0.31596091205211724,0.34545454545454546,0.22520661157024793,0.4230769230769231
vhigh,0.17263843648208468,0.0,0.2830578512396694,0.0
All,0.22214182344428365,0.03979739507959479,0.7004341534008683,0.03762662807525326
