persons,acc,good,unacc,vgood
2,0.0,0.0,0.4700413223140496,0.0
4,0.511400651465798,0.4909090909090909,0.24896694214876033,0.4423076923076923
more,0.48859934853420195,0.509090909090909,0.2809917355371901,0.5576923076923077
All,0.22214182344428365,0.03979739507959479,0.7004341534008683,0.03762662807525326
