buying,acc,good,unacc,vgood
high,0.2931596091205212,0.0,0.27789256198347106,0.0
low,0.22149837133550487,0.6545454545454545,0.20764462809917356,0.5961538461538461
med,0.2964169381107492,0.34545454545454546,0.20557851239669422,0.40384615384615385
vhigh,0.18892508143322476,0.0,0.30888429752066116,0.0
All,0.22214182344428365,0.03979739507959479,0.7004341534008683,0.03762662807525326
