doors,acc,good,unacc,vgood
2,0.23778501628664495,0.2545454545454545,0.2706611570247934,0.19230769230769232
3,0.24429967426710097,0.23636363636363636,0.253099173553719,0.23076923076923078
4,0.24104234527687296,0.2545454545454545,0.24173553719008264,0.2692307692307692
5more,0.2768729641693811,0.2545454545454545,0.23450413223140495,0.3076923076923077
All,0.22214182344428365,0.03979739507959479,0.7004341534008683,0.03762662807525326
