Class,Count,Prior
unacc,968,0.7004341534008683
acc,307,0.22214182344428365
good,55,0.03979739507959479
vgood,52,0.03762662807525326
