safety,acc,good,unacc,vgood
high,0.53125,0.43478260869565216,0.22892561983471074,1.0
low,0.0,0.0,0.47603305785123967,0.0
med,0.46875,0.5652173913043478,0.2950413223140496,0.0
All,0.2222222222222222,0.03993055555555555,0.7002314814814815,0.03761574074074074
