lug_boot,acc,good,unacc,vgood
big,0.375,0.34782608695652173,0.30413223140495865,0.6153846153846154
med,0.3515625,0.34782608695652173,0.3239669421487603,0.38461538461538464
small,0.2734375,0.30434782608695654,0.371900826446281,0.0
All,0.2222222222222222,0.03993055555555555,0.7002314814814815,0.03761574074074074
