maint,acc,good,unacc,vgood
high,0.2734375,0.0,0.25950413223140495,0.2
low,0.23958333333333334,0.6666666666666666,0.22148760330578512,0.4
med,0.2994791666666667,0.3333333333333333,0.22148760330578512,0.4
vhigh,0.1875,0.0,0.2975206611570248,0.0
All,0.2222222222222222,0.03993055555555555,0.7002314814814815,0.03761574074074074
