doors,acc,good,unacc,vgood
2,0.2109375,0.21739130434782608,0.2694214876033058,0.15384615384615385
3,0.2578125,0.2608695652173913,0.24793388429752067,0.23076923076923078
4,0.265625,0.2608695652173913,0.2413223140495868,0.3076923076923077
5more,0.265625,0.2608695652173913,0.2413223140495868,0.3076923076923077
All,0.2222222222222222,0.03993055555555555,0.7002314814814815,0.03761574074074074
