persons,acc,good,unacc,vgood
2,0.0,0.0,0.47603305785123967,0.0
4,0.515625,0.5217391304347826,0.2578512396694215,0.46153846153846156
more,0.484375,0.4782608695652174,0.26611570247933886,0.5384615384615384
All,0.2222222222222222,0.03993055555555555,0.7002314814814815,0.03761574074074074
