buying,acc,good,unacc,vgood
high,0.28125,0.0,0.26776859504132233,0.0
low,0.23177083333333334,0.6666666666666666,0.21322314049586777,0.6
med,0.2994791666666667,0.3333333333333333,0.22148760330578512,0.4
vhigh,0.1875,0.0,0.2975206611570248,0.0
All,0.2222222222222222,0.03993055555555555,0.7002314814814815,0.03761574074074074
