Class,Count,Prior
unacc,1210,0.7002314814814815
acc,384,0.2222222222222222
good,69,0.03993055555555555
vgood,65,0.03761574074074074
